<application>
  <component name="FileTypeManager" version="17">
    <extensionMap>
      <mapping pattern="RSAUtils" type="CLASS" />
      <mapping pattern="RSAUtil" type="JAVA" />
      <mapping ext="gradle.kts" type="Kotlin" />
      <mapping ext="tff" type="PLAIN_TEXT" />
      <mapping ext="bak" type="PLAIN_TEXT" />
      <mapping ext="dev" type="PLAIN_TEXT" />
      <mapping ext="der" type="PLAIN_TEXT" />
      <mapping ext="license" type="PLAIN_TEXT" />
      <removed_mapping ext="log" approved="true" type="PLAIN_TEXT" />
      <removed_mapping ext="bat" approved="true" type="PLAIN_TEXT" />
      <removed_mapping ext="cmd" approved="true" type="PLAIN_TEXT" />
      <removed_mapping ext="bat" approved="true" type="PLAIN_TEXT" />
      <removed_mapping ext="cmd" approved="true" type="PLAIN_TEXT" />
      <removed_mapping ext="log" approved="true" type="PLAIN_TEXT" />
    </extensionMap>
  </component>
</application>