<application>
  <component name="AppStorage">
    <histories>
      <item value="account" />
      <item value="供应商" />
      <item value="Owner" />
      <item value="货主" />
      <item value="过期" />
      <item value="visibility" />
      <item value="visibil" />
      <item value="secret" />
      <item value="库位组" />
      <item value="库位" />
      <item value="SPEC" />
      <item value="gender" />
      <item value="sex" />
      <item value="Salt" />
      <item value="valid" />
      <item value="vali" />
      <item value="validata" />
      <item value="validate" />
      <item value="invalid" />
      <item value="无效" />
      <item value="disabled" />
      <item value="有效数据" />
      <item value="有效" />
      <item value="上午" />
      <item value="除以" />
      <item value="乘法" />
      <item value="三" />
      <item value="二" />
      <item value="一" />
      <item value="3" />
      <item value="suspend" />
      <item value="height" />
      <item value="width" />
      <item value="签名" />
      <item value="应收" />
      <item value="payable" />
      <item value="delivery" />
      <item value="totalAmount" />
      <item value="reimbursement" />
      <item value="Waybill" />
      <item value="Waybill Collection" />
      <item value="WaybillCollection" />
      <item value="waybill" />
      <item value="实际距离" />
      <item value="标准运距" />
      <item value="标准云居" />
      <item value="是否全局" />
      <item value="Global" />
      <item value="全局" />
      <item value="规划" />
    </histories>
    <option name="languageScores">
      <map>
        <entry key="CHINESE" value="43" />
        <entry key="ENGLISH" value="43" />
        <entry key="ICELANDIC" value="1" />
      </map>
    </option>
  </component>
</application>