<application>
  <component name="ProjectJdkTable">
    <jdk version="2">
      <name value="ruby-2.5.5-p157" />
      <type value="RUBY_SDK" />
      <version value="ver.2.5.5p157 ( revision 67260) p157" />
      <homePath value="C:/Tools/Ruby25-x64/bin/ruby.exe" />
      <roots>
        <classPath>
          <root type="composite">
            <root url="file://$APPLICATION_HOME_DIR$/rubystubs25" type="simple" />
            <root url="file://C:/Tools/Ruby25-x64/lib/ruby/site_ruby/2.5.0" type="simple" />
            <root url="file://C:/Tools/Ruby25-x64/lib/ruby/site_ruby" type="simple" />
            <root url="file://C:/Tools/Ruby25-x64/lib/ruby/vendor_ruby/2.5.0" type="simple" />
            <root url="file://C:/Tools/Ruby25-x64/lib/ruby/vendor_ruby/2.5.0/x64-msvcrt" type="simple" />
            <root url="file://C:/Tools/Ruby25-x64/lib/ruby/vendor_ruby" type="simple" />
            <root url="file://C:/Tools/Ruby25-x64/lib/ruby/2.5.0" type="simple" />
            <root url="file://C:/Tools/Ruby25-x64/lib/ruby/2.5.0/x64-mingw32" type="simple" />
          </root>
        </classPath>
        <sourcePath>
          <root type="composite">
            <root url="file://C:/Tools/Ruby25-x64/lib/ruby/site_ruby/2.5.0" type="simple" />
            <root url="file://C:/Tools/Ruby25-x64/lib/ruby/site_ruby" type="simple" />
            <root url="file://C:/Tools/Ruby25-x64/lib/ruby/vendor_ruby/2.5.0" type="simple" />
            <root url="file://C:/Tools/Ruby25-x64/lib/ruby/vendor_ruby/2.5.0/x64-msvcrt" type="simple" />
            <root url="file://C:/Tools/Ruby25-x64/lib/ruby/vendor_ruby" type="simple" />
            <root url="file://C:/Tools/Ruby25-x64/lib/ruby/2.5.0" type="simple" />
            <root url="file://C:/Tools/Ruby25-x64/lib/ruby/2.5.0/x64-mingw32" type="simple" />
            <root url="file://$APPLICATION_HOME_DIR$/rubystubs25" type="simple" />
          </root>
        </sourcePath>
      </roots>
      <additional NORMALIZED_VERSION_STRING="ver.2.5.5p157 ( revision 67260) p157" PLATFORM="x64-mingw32" version="1" GEMS_BIN_DIR_PATH="C:/Tools/Ruby25-x64/bin">
        <VERSION_MANAGER ID="system" />
        <RbConfig>
          <item key="AR" value="ar" />
          <item key="ARFLAGS" value="rcD " />
          <item key="AS" value="as" />
          <item key="ASMEXT" value="S" />
          <item key="BUILTIN_TRANSSRCS" value=" enc/trans/newline.c" />
          <item key="CC" value="x86_64-w64-mingw32-gcc" />
          <item key="CC_VERSION" value="x86_64-w64-mingw32-gcc --version" />
          <item key="CC_VERSION_MESSAGE" value="x86_64-w64-mingw32-gcc.exe (Rev2, Built by MSYS2 project) 8.3.0&#10;Copyright (C) 2018 Free Software Foundation, Inc.&#10;This is free software; see the source for copying conditions.  There is NO&#10;warranty; not even for MERCHANTABILITY or FITNESS FOR A PARTICULAR PURPOSE." />
          <item key="CFLAGS" value="-O3 -fno-fast-math" />
          <item key="CHDIR" value="cd" />
          <item key="COMMON_HEADERS" value="winsock2.h windows.h" />
          <item key="COMMON_LIBS" value="m" />
          <item key="CONFIGURE" value="configure" />
          <item key="COUTFLAG" value="-o " />
          <item key="CP" value="cp" />
          <item key="CPP" value="x86_64-w64-mingw32-gcc -E" />
          <item key="CPPFLAGS" value="-D_FORTIFY_SOURCE=2 -D__USE_MINGW_ANSI_STDIO=1 -DFD_SETSIZE=2048 -D_WIN32_WINNT=0x0501 -D__MINGW_USE_VC2005_COMPAT -D_FILE_OFFSET_BITS=64 " />
          <item key="CPPOUTFILE" value="-o conftest.i" />
          <item key="CROSS_COMPILING" value="no" />
          <item key="CXX" value="x86_64-w64-mingw32-g++" />
          <item key="CXXFLAGS" value="-march=x86-64 -mtune=generic -O2 -pipe" />
          <item key="DEFS" value="-D_FILE_OFFSET_BITS=64" />
          <item key="DESTDIR" value="C:" />
          <item key="DLDFLAGS" value="-pipe -s -Wl,--enable-auto-image-base,--enable-auto-import $(DEFFILE)" />
          <item key="DLEXT" value="so" />
          <item key="DLLWRAP" value="dllwrap" />
          <item key="DLNOBJ" value="dln.o" />
          <item key="ECHO_N" value="-n" />
          <item key="EGREP" value="/usr/bin/grep -E" />
          <item key="ENABLE_SHARED" value="yes" />
          <item key="EXECUTABLE_EXTS" value=".exe .com .cmd .bat" />
          <item key="EXEEXT" value=".exe" />
          <item key="EXPORT_PREFIX" value=" " />
          <item key="EXTLDFLAGS" value="-static-libgcc" />
          <item key="EXTOUT" value=".ext" />
          <item key="GCC" value="yes" />
          <item key="GIT" value="git" />
          <item key="GNU_LD" value="yes" />
          <item key="GREP" value="/usr/bin/grep" />
          <item key="HAVE_GIT" value="yes" />
          <item key="INSTALL" value="/usr/bin/install -c" />
          <item key="INSTALL_DATA" value="/usr/bin/install -c -m 644" />
          <item key="INSTALL_PROGRAM" value="/usr/bin/install -c" />
          <item key="INSTALL_SCRIPT" value="/usr/bin/install -c" />
          <item key="INSTALL_STATIC_LIBRARY" value="no" />
          <item key="LD" value="ld" />
          <item key="LDFLAGS" value="-L. -pipe -s" />
          <item key="LDSHARED" value="x86_64-w64-mingw32-gcc -shared" />
          <item key="LDSHAREDXX" value="x86_64-w64-mingw32-g++ -shared" />
          <item key="LIBEXT" value="a" />
          <item key="LIBPATHENV" value="PATH" />
          <item key="LIBPATHFLAG" value=" -L%s" />
          <item key="LIBRUBY" value="libx64-msvcrt-ruby250.dll.a" />
          <item key="LIBRUBYARG" value="-lx64-msvcrt-ruby250" />
          <item key="LIBRUBYARG_SHARED" value="-lx64-msvcrt-ruby250" />
          <item key="LIBRUBYARG_STATIC" value="-lx64-msvcrt-ruby250-static" />
          <item key="LIBRUBY_A" value="libx64-msvcrt-ruby250-static.a" />
          <item key="LIBRUBY_RELATIVE" value="yes" />
          <item key="LIBRUBY_SO" value="x64-msvcrt-ruby250.dll" />
          <item key="LIBRUBY_SONAME" value="libx64-msvcrt-ruby250.dll.2.5" />
          <item key="LIBS" value="-lgmp -lshell32 -lws2_32 -liphlpapi -limagehlp -lshlwapi " />
          <item key="LN_S" value="cp -pR" />
          <item key="MAJOR" value="2" />
          <item key="MAKEDIRS" value="/usr/bin/mkdir -p" />
          <item key="MAKEFILES" value="Makefile GNUmakefile" />
          <item key="MANTYPE" value="doc" />
          <item key="MINOR" value="5" />
          <item key="MKDIR_P" value="/usr/bin/mkdir -p" />
          <item key="NM" value="nm" />
          <item key="NULLCMD" value=":" />
          <item key="OBJCOPY" value=":" />
          <item key="OBJDUMP" value="objdump" />
          <item key="OBJEXT" value="o" />
          <item key="OUTFLAG" value="-o " />
          <item key="PACKAGE" value="ruby" />
          <item key="PATCHLEVEL" value="157" />
          <item key="PATH_SEPARATOR" value=":" />
          <item key="PKG_CONFIG" value="pkg-config" />
          <item key="PLATFORM_DIR" value="win32" />
          <item key="POSTLINK" value=":" />
          <item key="PREP" value="miniruby.exe" />
          <item key="RANLIB" value="ranlib" />
          <item key="RI_BASE_NAME" value="ri" />
          <item key="RM" value="rm -f" />
          <item key="RMALL" value="rm -fr" />
          <item key="RMDIR" value="rmdir --ignore-fail-on-non-empty" />
          <item key="RMDIRS" value="rmdir --ignore-fail-on-non-empty -p" />
          <item key="RUBYW_BASE_NAME" value="rubyw" />
          <item key="RUBYW_INSTALL_NAME" value="rubyw" />
          <item key="RUBY_API_VERSION" value="2.5" />
          <item key="RUBY_BASE_NAME" value="ruby" />
          <item key="RUBY_INSTALL_NAME" value="ruby" />
          <item key="RUBY_LIB_VERSION_STYLE" value="3&#9;/* full */" />
          <item key="RUBY_PROGRAM_VERSION" value="2.5.5" />
          <item key="RUBY_SO_NAME" value="x64-msvcrt-ruby250" />
          <item key="RUBY_VERSION_NAME" value="ruby-2.5.0" />
          <item key="SHELL" value="/bin/sh" />
          <item key="SOEXT" value="dll" />
          <item key="SOLIBS" value="-lgmp -lshell32 -lws2_32 -liphlpapi -limagehlp -lshlwapi " />
          <item key="STRIP" value="strip" />
          <item key="TEENY" value="5" />
          <item key="TEST_RUNNABLE" value="yes" />
          <item key="THREAD_MODEL" value="win32" />
          <item key="UNICODE_VERSION" value="10.0.0" />
          <item key="USE_RUBYGEMS" value="YES" />
          <item key="WERRORFLAG" value="-Werror" />
          <item key="WINDRES" value="windres" />
          <item key="arch" value="x64-mingw32" />
          <item key="archdir" value="C:/Tools/Ruby25-x64/lib/ruby/2.5.0/x64-mingw32" />
          <item key="archincludedir" value="C:/Tools/Ruby25-x64/include/x64-mingw32" />
          <item key="archlibdir" value="C:/Tools/Ruby25-x64/lib/x64-mingw32" />
          <item key="bindir" value="C:/Tools/Ruby25-x64/bin" />
          <item key="build" value="x86_64-w64-mingw32" />
          <item key="build_alias" value="x86_64-w64-mingw32" />
          <item key="build_cpu" value="x86_64" />
          <item key="build_os" value="mingw32" />
          <item key="build_vendor" value="w64" />
          <item key="cflags" value="-O3 -fno-omit-frame-pointer -ggdb3 -Wall -Wextra -Wno-unused-parameter -Wno-parentheses -Wno-long-long -Wno-missing-field-initializers -Wno-tautological-compare -Wno-parentheses-equality -Wno-constant-logical-operand -Wno-self-assign -Wunused-variable -Wimplicit-int -Wpointer-arith -Wwrite-strings -Wdeclaration-after-statement -Wimplicit-function-declaration -Wdeprecated-declarations -Wmisleading-indentation -Wno-packed-bitfield-compat -Wsuggest-attribute=noreturn -Wsuggest-attribute=format -Wimplicit-fallthrough=0 -Wduplicated-cond -Wrestrict" />
          <item key="configure_args" value=" '--prefix=/mingw64' '--build=x86_64-w64-mingw32' '--host=x86_64-w64-mingw32' '--target=x86_64-w64-mingw32' '--without-ext=pty,syslog' 'build_alias=x86_64-w64-mingw32' 'host_alias=x86_64-w64-mingw32' 'target_alias=x86_64-w64-mingw32' 'CFLAGS=-O3 -fno-fast-math' 'LDFLAGS=-pipe -s' 'CPPFLAGS=-D_FORTIFY_SOURCE=2 -D__USE_MINGW_ANSI_STDIO=1 -DFD_SETSIZE=2048' 'CXXFLAGS=-march=x86-64 -mtune=generic -O2 -pipe'" />
          <item key="cxxflags" value="-O3 -fno-omit-frame-pointer -ggdb3 -Wall -Wextra -Wno-unused-parameter -Wno-parentheses -Wno-long-long -Wno-missing-field-initializers -Wno-tautological-compare -Wno-parentheses-equality -Wno-constant-logical-operand -Wno-self-assign -Wunused-variable -Wimplicit-int -Wpointer-arith -Wwrite-strings -Wdeclaration-after-statement -Wimplicit-function-declaration -Wdeprecated-declarations -Wmisleading-indentation -Wno-packed-bitfield-compat -Wsuggest-attribute=noreturn -Wsuggest-attribute=format -Wimplicit-fallthrough=0 -Wduplicated-cond -Wrestrict" />
          <item key="datadir" value="C:/Tools/Ruby25-x64/share" />
          <item key="datarootdir" value="C:/Tools/Ruby25-x64/share" />
          <item key="debugflags" value="-ggdb3" />
          <item key="docdir" value="C:/Tools/Ruby25-x64/share/doc/ruby" />
          <item key="dvidir" value="C:/Tools/Ruby25-x64/share/doc/ruby" />
          <item key="exec" value="exec" />
          <item key="exec_prefix" value="C:/Tools/Ruby25-x64" />
          <item key="host" value="x86_64-w64-mingw32" />
          <item key="host_alias" value="x86_64-w64-mingw32" />
          <item key="host_cpu" value="x86_64" />
          <item key="host_os" value="mingw32" />
          <item key="host_vendor" value="w64" />
          <item key="htmldir" value="C:/Tools/Ruby25-x64/share/doc/ruby" />
          <item key="includedir" value="C:/Tools/Ruby25-x64/include" />
          <item key="infodir" value="C:/Tools/Ruby25-x64/share/info" />
          <item key="libdir" value="C:/Tools/Ruby25-x64/lib" />
          <item key="libdirname" value="libdir" />
          <item key="libexecdir" value="C:/Tools/Ruby25-x64/libexec" />
          <item key="localedir" value="C:/Tools/Ruby25-x64/share/locale" />
          <item key="localstatedir" value="C:/Tools/Ruby25-x64/var" />
          <item key="mandir" value="C:/Tools/Ruby25-x64/share/man" />
          <item key="oldincludedir" value="/usr/include" />
          <item key="optflags" value="-O3 -fno-omit-frame-pointer" />
          <item key="pdfdir" value="C:/Tools/Ruby25-x64/share/doc/ruby" />
          <item key="prefix" value="C:/Tools/Ruby25-x64" />
          <item key="psdir" value="C:/Tools/Ruby25-x64/share/doc/ruby" />
          <item key="ridir" value="C:/Tools/Ruby25-x64/share/ri" />
          <item key="ruby_install_name" value="ruby" />
          <item key="ruby_pc" value="ruby-2.5.pc" />
          <item key="ruby_version" value="2.5.0" />
          <item key="rubyarchdir" value="C:/Tools/Ruby25-x64/lib/ruby/2.5.0/x64-mingw32" />
          <item key="rubyarchhdrdir" value="C:/Tools/Ruby25-x64/include/ruby-2.5.0/x64-mingw32" />
          <item key="rubyarchprefix" value="C:/Tools/Ruby25-x64/lib/ruby/x64-mingw32" />
          <item key="rubyhdrdir" value="C:/Tools/Ruby25-x64/include/ruby-2.5.0" />
          <item key="rubylibdir" value="C:/Tools/Ruby25-x64/lib/ruby/2.5.0" />
          <item key="rubylibprefix" value="C:/Tools/Ruby25-x64/lib/ruby" />
          <item key="rubysitearchprefix" value="C:/Tools/Ruby25-x64/lib/ruby/x64-msvcrt" />
          <item key="rubyw_install_name" value="rubyw" />
          <item key="sbindir" value="C:/Tools/Ruby25-x64/sbin" />
          <item key="setup" value="Setup" />
          <item key="sharedstatedir" value="C:/Tools/Ruby25-x64/com" />
          <item key="sitearch" value="x64-msvcrt" />
          <item key="sitearchdir" value="C:/Tools/Ruby25-x64/lib/ruby/site_ruby/2.5.0/x64-msvcrt" />
          <item key="sitearchhdrdir" value="C:/Tools/Ruby25-x64/include/ruby-2.5.0/site_ruby/x64-msvcrt" />
          <item key="sitearchincludedir" value="C:/Tools/Ruby25-x64/include/x64-msvcrt" />
          <item key="sitearchlibdir" value="C:/Tools/Ruby25-x64/lib/x64-msvcrt" />
          <item key="sitedir" value="C:/Tools/Ruby25-x64/lib/ruby/site_ruby" />
          <item key="sitehdrdir" value="C:/Tools/Ruby25-x64/include/ruby-2.5.0/site_ruby" />
          <item key="sitelibdir" value="C:/Tools/Ruby25-x64/lib/ruby/site_ruby/2.5.0" />
          <item key="target" value="x86_64-w64-mingw32" />
          <item key="target_alias" value="x86_64-w64-mingw32" />
          <item key="target_cpu" value="x64" />
          <item key="target_os" value="mingw32" />
          <item key="target_vendor" value="w64" />
          <item key="topdir" value="C:/Tools/Ruby25-x64/lib/ruby/2.5.0/x64-mingw32" />
          <item key="vendorarchdir" value="C:/Tools/Ruby25-x64/lib/ruby/vendor_ruby/2.5.0/x64-msvcrt" />
          <item key="vendorarchhdrdir" value="C:/Tools/Ruby25-x64/include/ruby-2.5.0/vendor_ruby/x64-msvcrt" />
          <item key="vendordir" value="C:/Tools/Ruby25-x64/lib/ruby/vendor_ruby" />
          <item key="vendorhdrdir" value="C:/Tools/Ruby25-x64/include/ruby-2.5.0/vendor_ruby" />
          <item key="vendorlibdir" value="C:/Tools/Ruby25-x64/lib/ruby/vendor_ruby/2.5.0" />
          <item key="warnflags" value="-Wall -Wextra -Wno-unused-parameter -Wno-parentheses -Wno-long-long -Wno-missing-field-initializers -Wno-tautological-compare -Wno-parentheses-equality -Wno-constant-logical-operand -Wno-self-assign -Wunused-variable -Wimplicit-int -Wpointer-arith -Wwrite-strings -Wdeclaration-after-statement -Wimplicit-function-declaration -Wdeprecated-declarations -Wmisleading-indentation -Wno-packed-bitfield-compat -Wsuggest-attribute=noreturn -Wsuggest-attribute=format -Wimplicit-fallthrough=0 -Wduplicated-cond -Wrestrict" />
        </RbConfig>
      </additional>
    </jdk>
  </component>
</application>