<application>
  <component name="AppStorage">
    <histories>
      <item value="edition" />
      <item value="edtion" />
      <item value="sync" />
      <item value="syn" />
      <item value="同步数据" />
      <item value="Restrict editing to collaborators only " />
      <item value="handle" />
      <item value="灰色" />
      <item value="辐射" />
      <item value="green" />
      <item value="结构" />
      <item value="接口" />
      <item value="scheam" />
      <item value="合并" />
      <item value="组织架构" />
      <item value="owner" />
      <item value="cargo owner" />
      <item value="goods owner" />
      <item value="货主" />
      <item value="before" />
      <item value="UNDISABLABLE" />
      <item value="derived" />
      <item value="经理" />
      <item value="负责人" />
      <item value="storage" />
      <item value="库存" />
      <item value="Structural Typing " />
      <item value="gem install bundler" />
      <item value="gem source -a https://gems.ruby-china.com" />
      <item value="定时" />
      <item value="超期任务" />
      <item value="提醒" />
      <item value="绿" />
      <item value="黄" />
      <item value="红" />
      <item value="preserve the column_names order" />
      <item value="Task escalation" />
      <item value="replace" />
      <item value="最后意见" />
      <item value="最后一件" />
      <item value="责任判定" />
      <item value="最早" />
      <item value="单据编号" />
      <item value=" Make sure that API users get used to set this content type     # as it won't trigger Rails' automatic parsing of the request body for parameters" />
      <item value=" Show 404 if the filename in the url is wrong" />
      <item value="# Show 404 if the filename in the url is wrong" />
    </histories>
    <option name="languageScores">
      <map>
        <entry key="CHINESE" value="11" />
        <entry key="ENGLISH" value="11" />
      </map>
    </option>
  </component>
</application>